Frequency,S11,S21,S12,S22
6.0005,(-0.028189721080312456-0.0018919432372866334j),(0.0545495617864674-0.9981126867949405j),(0.05446760145631609-0.9981001775393998j),(-0.028228999543946705-0.0016830893073181566j)
8,(-0.81946549+0.247411216j),(-0.469919371-0.387371636j),(-0.469919371-0.387371636j),(-0.81946549+0.247411216j)
